{"cameraMode":{"drawMode":0,"name":"Shaded","section":"Shading Mode"},"sceneLighting":true,"audioPlay":false,"sceneViewState":{"showFog":true,"showMaterialUpdate":true,"showSkybox":true,"showFlares":true,"showImageEffects":true,"showParticleSystems":true},"in2DMode":false,"pivot":{"x":-0.24765446782112122,"y":-1.0947349071502686,"z":-1.3214342594146729},"rotation":{"x":-0.00010460621706442907,"y":-0.9337685704231262,"z":0.35788416862487795,"w":-0.00026686041383072734},"size":1.532585620880127,"orthographic":false}