{"cameraMode":{"drawMode":0,"name":"Shaded","section":"Shading Mode"},"sceneLighting":true,"audioPlay":false,"sceneViewState":{"showFog":true,"showMaterialUpdate":true,"showSkybox":true,"showFlares":true,"showImageEffects":true,"showParticleSystems":true},"in2DMode":false,"pivot":{"x":-0.344570517539978,"y":-0.5644689798355103,"z":-0.6576229333877564},"rotation":{"x":-0.3168274760246277,"y":-0.46182411909103396,"z":0.18098501861095429,"w":-0.8084472417831421},"size":1.532585620880127,"orthographic":false}