{"cameraMode":{"drawMode":0,"name":"Shaded","section":"Shading Mode"},"sceneLighting":true,"audioPlay":false,"sceneViewState":{"showFog":true,"showMaterialUpdate":true,"showSkybox":true,"showFlares":true,"showImageEffects":true,"showParticleSystems":true},"in2DMode":false,"pivot":{"x":2.397861957550049,"y":3.882713556289673,"z":1.5535950660705567},"rotation":{"x":-0.2360858917236328,"y":-0.15518364310264588,"z":0.03822116181254387,"w":-0.9585011005401611},"size":3.632585287094116,"orthographic":false}