{"cameraMode":{"drawMode":0,"name":"Shaded","section":"Shading Mode"},"sceneLighting":true,"audioPlay":false,"sceneViewState":{"showFog":true,"showMaterialUpdate":true,"showSkybox":true,"showFlares":true,"showImageEffects":true,"showParticleSystems":true},"in2DMode":false,"pivot":{"x":15.45096492767334,"y":1.1376895904541016,"z":3.051835060119629},"rotation":{"x":-0.4497395157814026,"y":-0.009387331083416939,"z":0.004724838305264711,"w":-0.8931008577346802},"size":21.977981567382814,"orthographic":false}