{"cameraMode":{"drawMode":0,"name":"Shaded","section":"Shading Mode"},"sceneLighting":true,"audioPlay":false,"sceneViewState":{"showFog":true,"showMaterialUpdate":true,"showSkybox":true,"showFlares":true,"showImageEffects":true,"showParticleSystems":true},"in2DMode":false,"pivot":{"x":3.257502794265747,"y":0.8245267868041992,"z":0.8324494361877441},"rotation":{"x":-0.5745047330856323,"y":-0.0024644790682941677,"z":0.0017272674012929202,"w":-0.8184987306594849},"size":5.7243876457214359,"orthographic":false}