{"cameraMode":{"drawMode":0,"name":"Shaded","section":"Shading Mode"},"sceneLighting":true,"audioPlay":false,"sceneViewState":{"showFog":true,"showMaterialUpdate":true,"showSkybox":true,"showFlares":true,"showImageEffects":true,"showParticleSystems":true},"in2DMode":false,"pivot":{"x":9.536487579345704,"y":0.23131942749023438,"z":-0.5906581878662109},"rotation":{"x":-0.5745047330856323,"y":-0.0024644790682941677,"z":0.0017272674012929202,"w":-0.8184987306594849},"size":8.254910469055176,"orthographic":false}