{"cameraMode":{"drawMode":0,"name":"Shaded","section":"Shading Mode"},"sceneLighting":true,"audioPlay":false,"sceneViewState":{"showFog":true,"showMaterialUpdate":true,"showSkybox":true,"showFlares":true,"showImageEffects":true,"showParticleSystems":true},"in2DMode":false,"pivot":{"x":4.125392913818359,"y":-0.6189355850219727,"z":-0.8634648323059082},"rotation":{"x":-0.4416954219341278,"y":-0.0067380983382463459,"z":0.0033150920644402506,"w":-0.8971365094184876},"size":7.699849605560303,"orthographic":false}