{"cameraMode":{"drawMode":0,"name":"Shaded","section":"Shading Mode"},"sceneLighting":false,"audioPlay":false,"sceneViewState":{"showFog":true,"showMaterialUpdate":false,"showSkybox":false,"showFlares":true,"showImageEffects":true,"showParticleSystems":true,"showVisualEffectGraphs":true,"m_FxEnabled":true},"in2DMode":false,"pivot":{"x":2.9802322387695315e-8,"y":0.3344467282295227,"z":-0.03947418928146362},"rotation":{"x":-0.03672097250819206,"y":0.8526250123977661,"z":-0.06047511473298073,"w":-0.517717182636261},"size":0.7699240446090698,"orthographic":false}